DeliveryDistrictName,total_sales,avg_sale,order_cnt
академический,273450,1072.3529411764705,128
алексеевский,99491,1362.890410958904,39
алтуфьевский,23566,1024.608695652174,12
арбат,57847,1752.939393939394,12
аэропорт,98631,1248.493670886076,38
бабушкинский,70433,951.7972972972973,37
басманный,546466,1145.6310272536687,227
беговой,89797,1020.4204545454545,45
бескудниковский,129015,1205.747663551402,39
бибирево,219292,1085.6039603960396,95
бирюлёво восточное,155378,1042.8053691275168,74
бирюлёво западное,77962,896.1149425287356,39
богородское,63576,1077.5593220338983,28
братеево,48527,1102.8863636363637,24
бутырский,135231,1024.4772727272727,64
вешняки,98794,1219.679012345679,41
войковский,109625,1034.198113207547,53
восточное дегунино,97012,1328.9315068493152,32
восточное измайлово,70156,1079.323076923077,30
выхино-жулебино,123389,979.2777777777778,61
гагаринский,55817,1187.595744680851,21
головинский,20384,886.2608695652174,14
гольяново,97709,1097.8539325842696,41
даниловский,224140,991.7699115044247,109
дмитровский,97042,960.8118811881188,50
донской,132024,1168.353982300885,59
дорогомилово,61521,1042.7288135593221,28
замоскворечье,116600,955.7377049180328,56
западное дегунино,73573,1007.8493150684932,39
зюзино,105981,821.5581395348837,60
зябликово,98829,988.29,50
ивановское,141791,1211.888888888889,66
измайлово,154660,978.8607594936709,73
капотня,26287,847.9677419354839,19
коньково,79959,1110.5416666666667,34
коптево,138743,1092.4645669291338,62
косино-ухтомский,180092,1047.046511627907,74
котловка,42379,830.9607843137255,24
красносельский,164875,1005.3353658536586,74
крылатское,84248,1296.123076923077,35
кузьминки,132904,1165.8245614035088,52
кунцево,161321,1231.4580152671756,63
куркино,60302,1076.8214285714287,31
левобережный,179967,1034.2931034482758,83
лефортово,355276,1212.5460750853242,140
лианозово,50709,859.4745762711865,31
ломоносовский,139307,1096.9055118110236,54
лосиноостровский,86670,1056.9512195121952,41
люблино,205818,961.7663551401869,99
марфино,58372,1326.6363636363637,16
марьина роща,113675,1171.9072164948454,45
марьино,215203,965.0358744394618,100
метрогородок,2714,452.3333333333333,3
мещанский,226574,1044.1198156682028,105
митино,42770,1018.3333333333334,22
можайский,186660,1212.077922077922,71
молжаниновский,60958,1244.0408163265306,23
москворечье-сабурово,77890,1527.2549019607843,29
нагатино-садовники,92407,1113.3373493975903,39
нагатинский затон,84456,959.7272727272727,42
нагорный,102314,930.1272727272727,55
некрасовка,7152,715.2,5
нижегородский,82994,873.6210526315789,45
новогиреево,102424,994.4077669902913,43
новокосино,18452,683.4074074074074,13
обручевский,192904,1096.0454545454545,95
орехово-борисово северное,106516,1065.16,53
орехово-борисово южное,94987,1217.7820512820513,41
останкинский,149812,998.7466666666667,68
отрадное,171971,1246.1666666666667,73
очаково-матвеевское,80027,1290.758064516129,28
перово,88223,1176.3066666666666,40
печатники,102995,1084.157894736842,50
покровское-стрешнево,95411,1177.9135802469136,37
преображенское,153680,1280.6666666666667,54
пресненский,475151,1128.624703087886,205
проспект вернадского,163656,1022.85,74
раменки,22217,965.9565217391304,12
ростокино,73932,1012.7671232876712,32
рязанский,64358,1261.921568627451,28
савёловский,70110,1149.344262295082,32
свиблово,94177,1121.154761904762,40
северное бутово,95156,1321.611111111111,35
северное измайлово,140372,935.8133333333334,72
северное медведково,125845,960.6488549618321,64
северное тушино,79524,1169.4705882352941,40
северный,67398,832.074074074074,36
сокол,64217,844.9605263157895,39
соколиная гора,156509,1029.6644736842106,70
сокольники,189532,1064.7865168539327,88
солнцево,24515,532.9347826086956,26
строгино,120024,889.0666666666667,66
таганский,295577,981.9833887043189,134
тверской,332165,1071.5,140
текстильщики,123902,1058.991452991453,63
тимирязевский,82848,1200.695652173913,42
тропарёво-никулино,134264,1109.6198347107438,61
тёплый стан,83134,1093.8684210526317,38
фили-давыдково,86925,1034.8214285714287,37
филёвский парк,78332,1044.4266666666667,36
хамовники,132414,980.8444444444444,65
ховрино,67639,1056.859375,32
хорошёво-мнёвники,227231,1071.8443396226414,112
хорошёвский,64909,983.469696969697,35
царицыно,187185,964.8711340206186,89
чертаново северное,97477,1133.453488372093,47
чертаново центральное,99118,1208.7560975609756,37
чертаново южное,192627,1160.4036144578313,68
черёмушки,100312,857.3675213675214,58
щукино,50875,862.2881355932203,29
южное медведково,16628,978.1176470588235,12
южное тушино,116877,1007.5603448275862,55
южнопортовый,105875,1176.388888888889,43
якиманка,141877,1255.5486725663716,53
ярославский,96798,987.734693877551,57
ясенево,140983,1029.0729927007299,69
