DeliveryDistrictName,ProductName,total_sales
академический,Увлажнитель воздуха,40410
академический,Столовые приборы на 4 персоны,37597
академический,Мультиварка с 40 режимами готовки еды,34185
алексеевский,"Набор тарелок на 4 персоны, керамические",20504
алексеевский,Увлажнитель воздуха,17309
алексеевский,Мультиварка с 40 режимами готовки еды,17092
алтуфьевский,Мультиварка с 40 режимами готовки еды,6909
алтуфьевский,Лава-лампа,6508
алтуфьевский,"Набор тарелок на 4 персоны, керамические",2588
арбат,Столовые приборы на 4 персоны,15039
арбат,Увлажнитель воздуха,11429
арбат,Мультиварка с 40 режимами готовки еды,10380
аэропорт,Увлажнитель воздуха,23101
аэропорт,Мультиварка с 40 режимами готовки еды,13730
аэропорт,Столовые приборы на 4 персоны,11215
бабушкинский,Столовые приборы на 4 персоны,11238
бабушкинский,Мультиварка с 40 режимами готовки еды,6843
бабушкинский,Блендер,5886
басманный,Столовые приборы на 4 персоны,93833
басманный,Увлажнитель воздуха,92638
басманный,Лава-лампа,45010
беговой,Мультиварка с 40 режимами готовки еды,13659
беговой,Увлажнитель воздуха,11509
беговой,Столовые приборы на 4 персоны,11202
бескудниковский,Увлажнитель воздуха,40319
бескудниковский,Мультиварка с 40 режимами готовки еды,17080
бескудниковский,Столовые приборы на 4 персоны,15009
бибирево,Увлажнитель воздуха,57701
бибирево,Столовые приборы на 4 персоны,26383
бибирево,Блендер,14707
бирюлёво восточное,Увлажнитель воздуха,23041
бирюлёво восточное,Столовые приборы на 4 персоны,22658
бирюлёво восточное,Мультиварка с 40 режимами готовки еды,17289
бирюлёво западное,Лава-лампа,8684
бирюлёво западное,"Набор тарелок на 4 персоны, керамические",7695
бирюлёво западное,Прикроватный коврик,7108
богородское,Увлажнитель воздуха,11543
богородское,Лава-лампа,8584
богородское,"Набор тарелок на 4 персоны, керамические",7701
братеево,Увлажнитель воздуха,11546
братеево,Лава-лампа,8601
братеево,"Набор тарелок на 4 персоны, керамические",5217
бутырский,Столовые приборы на 4 персоны,18719
бутырский,Увлажнитель воздуха,17364
бутырский,"Набор тарелок на 4 персоны, керамические",15407
вешняки,Увлажнитель воздуха,23018
вешняки,Мультиварка с 40 режимами готовки еды,20547
вешняки,"Набор тарелок на 4 персоны, керамические",7744
войковский,Столовые приборы на 4 персоны,14942
войковский,"Набор тарелок на 4 персоны, керамические",12990
войковский,Увлажнитель воздуха,11511
восточное дегунино,Столовые приборы на 4 персоны,22572
восточное дегунино,Увлажнитель воздуха,17435
восточное дегунино,"Набор тарелок на 4 персоны, керамические",7742
восточное измайлово,Столовые приборы на 4 персоны,14949
восточное измайлово,Мультиварка с 40 режимами готовки еды,10275
восточное измайлово,"Набор тарелок на 4 персоны, керамические",7693
выхино-жулебино,"Набор тарелок на 4 персоны, керамические",23076
выхино-жулебино,Мультиварка с 40 режимами готовки еды,17107
выхино-жулебино,Столовые приборы на 4 персоны,15107
гагаринский,Столовые приборы на 4 персоны,11258
гагаринский,Мультиварка с 40 режимами готовки еды,6903
гагаринский,Лава-лампа,6458
головинский,Столовые приборы на 4 персоны,3752
головинский,Тостер,3139
головинский,Выпрямитель для волос,2608
гольяново,Увлажнитель воздуха,17350
гольяново,Столовые приборы на 4 персоны,11278
гольяново,"Набор тарелок на 4 персоны, керамические",10191
даниловский,Увлажнитель воздуха,40457
даниловский,Столовые приборы на 4 персоны,22659
даниловский,Мультиварка с 40 режимами готовки еды,20614
дмитровский,Столовые приборы на 4 персоны,18867
дмитровский,Мультиварка с 40 режимами готовки еды,10236
дмитровский,Электрический чайник,10101
донской,Столовые приборы на 4 персоны,30117
донской,Увлажнитель воздуха,28789
донской,Блендер,10276
дорогомилово,Столовые приборы на 4 персоны,14929
дорогомилово,Увлажнитель воздуха,11515
дорогомилово,Блендер,5846
замоскворечье,Увлажнитель воздуха,23089
замоскворечье,Столовые приборы на 4 персоны,18681
замоскворечье,Мультиварка с 40 режимами готовки еды,6894
западное дегунино,Увлажнитель воздуха,23154
западное дегунино,Лава-лампа,8573
западное дегунино,"Набор тарелок на 4 персоны, керамические",5146
зюзино,Увлажнитель воздуха,11560
зюзино,Лава-лампа,8615
зюзино,Столовые приборы на 4 персоны,7623
зябликово,Увлажнитель воздуха,17379
зябликово,"Набор тарелок на 4 персоны, керамические",12875
зябликово,Лава-лампа,8584
ивановское,Увлажнитель воздуха,29021
ивановское,Мультиварка с 40 режимами готовки еды,20500
ивановское,Столовые приборы на 4 персоны,15056
измайлово,Столовые приборы на 4 персоны,29885
измайлово,Мультиварка с 40 режимами готовки еды,13692
измайлово,Электрический чайник,12606
капотня,Увлажнитель воздуха,11506
капотня,Лава-лампа,2137
капотня,Тостер,2129
коньково,Увлажнитель воздуха,17241
коньково,"Набор тарелок на 4 персоны, керамические",10343
коньково,Лава-лампа,8598
коптево,Мультиварка с 40 режимами готовки еды,27338
коптево,Столовые приборы на 4 персоны,18776
коптево,Блендер,11738
косино-ухтомский,"Набор тарелок на 4 персоны, керамические",25704
косино-ухтомский,Увлажнитель воздуха,23098
косино-ухтомский,Столовые приборы на 4 персоны,22476
котловка,Мультиварка с 40 режимами готовки еды,13652
котловка,Лава-лампа,4266
котловка,Зубная щетка электрическая,3826
красносельский,"Набор тарелок на 4 персоны, керамические",38722
красносельский,Столовые приборы на 4 персоны,26360
красносельский,Мультиварка с 40 режимами готовки еды,17174
крылатское,Мультиварка с 40 режимами готовки еды,17092
крылатское,Увлажнитель воздуха,11542
крылатское,Лава-лампа,10704
кузьминки,Увлажнитель воздуха,28952
кузьминки,Столовые приборы на 4 персоны,14991
кузьминки,Мультиварка с 40 режимами готовки еды,13652
кунцево,Столовые приборы на 4 персоны,29941
кунцево,Увлажнитель воздуха,28833
кунцево,Мультиварка с 40 режимами готовки еды,17165
куркино,Мультиварка с 40 режимами готовки еды,17167
куркино,Увлажнитель воздуха,11596
куркино,"Набор тарелок на 4 персоны, керамические",5105
левобережный,Мультиварка с 40 режимами готовки еды,30981
левобережный,Столовые приборы на 4 персоны,29923
левобережный,Увлажнитель воздуха,17338
лефортово,Увлажнитель воздуха,75049
лефортово,"Набор тарелок на 4 персоны, керамические",41649
лефортово,Столовые приборы на 4 персоны,41519
лианозово,"Набор тарелок на 4 персоны, керамические",12829
лианозово,Миксер многофункциональный,6254
лианозово,Лава-лампа,4264
ломоносовский,"Набор тарелок на 4 персоны, керамические",25771
ломоносовский,Увлажнитель воздуха,23106
ломоносовский,Столовые приборы на 4 персоны,11287
лосиноостровский,Столовые приборы на 4 персоны,15050
лосиноостровский,Увлажнитель воздуха,11551
лосиноостровский,Мультиварка с 40 режимами готовки еды,10333
люблино,Увлажнитель воздуха,40440
люблино,"Набор тарелок на 4 персоны, керамические",23047
люблино,Мультиварка с 40 режимами готовки еды,17345
марфино,Увлажнитель воздуха,17292
марфино,Столовые приборы на 4 персоны,11224
марфино,Лава-лампа,4278
марьина роща,Увлажнитель воздуха,34776
марьина роща,Мультиварка с 40 режимами готовки еды,13665
марьина роща,Блендер,8872
марьино,Мультиварка с 40 режимами готовки еды,34167
марьино,Увлажнитель воздуха,23125
марьино,Столовые приборы на 4 персоны,22517
метрогородок,Тостер,1046
метрогородок,Прикроватный коврик,884
метрогородок,Порошок для чистки ковриков,445
мещанский,Увлажнитель воздуха,34645
мещанский,Столовые приборы на 4 персоны,33729
мещанский,Мультиварка с 40 режимами готовки еды,23989
митино,Увлажнитель воздуха,5718
митино,Прикроватный коврик,4474
митино,Лава-лампа,4293
можайский,Увлажнитель воздуха,34717
можайский,Мультиварка с 40 режимами готовки еды,30936
можайский,Столовые приборы на 4 персоны,18827
молжаниновский,Увлажнитель воздуха,23091
молжаниновский,Мультиварка с 40 режимами готовки еды,10254
молжаниновский,Лава-лампа,4347
москворечье-сабурово,Увлажнитель воздуха,28797
москворечье-сабурово,Столовые приборы на 4 персоны,11290
москворечье-сабурово,"Набор тарелок на 4 персоны, керамические",7701
нагатино-садовники,Мультиварка с 40 режимами готовки еды,27354
нагатино-садовники,Лава-лампа,10675
нагатино-садовники,"Набор тарелок на 4 персоны, керамические",7685
нагатинский затон,Мультиварка с 40 режимами готовки еды,13835
нагатинский затон,"Набор тарелок на 4 персоны, керамические",12824
нагатинский затон,Лава-лампа,10680
нагорный,Мультиварка с 40 режимами готовки еды,13693
нагорный,Увлажнитель воздуха,11528
нагорный,Блендер,7324
некрасовка,Электрический чайник,2537
некрасовка,Блендер,1472
некрасовка,Миксер многофункциональный,1064
нижегородский,Мультиварка с 40 режимами готовки еды,13645
нижегородский,Увлажнитель воздуха,11489
нижегородский,Электрический чайник,7557
новогиреево,Лава-лампа,19322
новогиреево,Мультиварка с 40 режимами готовки еды,13989
новогиреево,Увлажнитель воздуха,11537
новокосино,Столовые приборы на 4 персоны,3769
новокосино,Мультиварка с 40 режимами готовки еды,3442
новокосино,Порошок для стирки вещей органический,1975
обручевский,Мультиварка с 40 режимами готовки еды,30756
обручевский,Столовые приборы на 4 персоны,26288
обручевский,Увлажнитель воздуха,17365
орехово-борисово северное,Увлажнитель воздуха,28787
орехово-борисово северное,Мультиварка с 40 режимами готовки еды,13693
орехово-борисово северное,"Набор тарелок на 4 персоны, керамические",7686
орехово-борисово южное,Столовые приборы на 4 персоны,15010
орехово-борисово южное,"Набор тарелок на 4 персоны, керамические",12880
орехово-борисово южное,Увлажнитель воздуха,11554
останкинский,Столовые приборы на 4 персоны,22464
останкинский,Увлажнитель воздуха,17309
останкинский,Мультиварка с 40 режимами готовки еды,17141
отрадное,Увлажнитель воздуха,46225
отрадное,Столовые приборы на 4 персоны,22488
отрадное,Мультиварка с 40 режимами готовки еды,20673
очаково-матвеевское,Увлажнитель воздуха,23074
очаково-матвеевское,Столовые приборы на 4 персоны,11364
очаково-матвеевское,"Набор тарелок на 4 персоны, керамические",5221
перово,Столовые приборы на 4 персоны,22449
перово,Увлажнитель воздуха,11576
перово,"Набор тарелок на 4 персоны, керамические",10305
печатники,Увлажнитель воздуха,28694
печатники,Столовые приборы на 4 персоны,11260
печатники,Лава-лампа,10658
покровское-стрешнево,Увлажнитель воздуха,28734
покровское-стрешнево,Столовые приборы на 4 персоны,11230
покровское-стрешнево,Мультиварка с 40 режимами готовки еды,6928
преображенское,Увлажнитель воздуха,46135
преображенское,Столовые приборы на 4 персоны,26201
преображенское,Мультиварка с 40 режимами готовки еды,13657
пресненский,Увлажнитель воздуха,80861
пресненский,Столовые приборы на 4 персоны,67690
пресненский,Лава-лампа,51586
проспект вернадского,Мультиварка с 40 режимами готовки еды,20585
проспект вернадского,Столовые приборы на 4 персоны,18788
проспект вернадского,Увлажнитель воздуха,17402
раменки,Увлажнитель воздуха,5714
раменки,"Набор тарелок на 4 персоны, керамические",2587
раменки,Электрический чайник,2510
ростокино,Мультиварка с 40 режимами готовки еды,10405
ростокино,Столовые приборы на 4 персоны,7497
ростокино,Электрический чайник,6323
рязанский,Увлажнитель воздуха,28982
рязанский,Столовые приборы на 4 персоны,7606
рязанский,Лава-лампа,4288
савёловский,Мультиварка с 40 режимами готовки еды,17186
савёловский,"Набор тарелок на 4 персоны, керамические",10208
савёловский,Столовые приборы на 4 персоны,7442
свиблово,Столовые приборы на 4 персоны,26194
свиблово,Увлажнитель воздуха,11577
свиблово,"Набор тарелок на 4 персоны, керамические",10287
северное бутово,Увлажнитель воздуха,22926
северное бутово,Столовые приборы на 4 персоны,11342
северное бутово,Мультиварка с 40 режимами готовки еды,10241
северное измайлово,Лава-лампа,17175
северное измайлово,Мультиварка с 40 режимами готовки еды,17108
северное измайлово,Столовые приборы на 4 персоны,14968
северное медведково,Столовые приборы на 4 персоны,26199
северное медведково,Мультиварка с 40 режимами готовки еды,17399
северное медведково,Увлажнитель воздуха,11552
северное тушино,Мультиварка с 40 режимами готовки еды,20488
северное тушино,Увлажнитель воздуха,11548
северное тушино,Электрический чайник,8826
северный,Электрический чайник,10145
северный,Мультиварка с 40 режимами готовки еды,6833
северный,Лава-лампа,6387
сокол,Увлажнитель воздуха,11611
сокол,Электрический чайник,7604
сокол,Тостер,6316
соколиная гора,Увлажнитель воздуха,23138
соколиная гора,Столовые приборы на 4 персоны,18878
соколиная гора,Мультиварка с 40 режимами готовки еды,17157
сокольники,Увлажнитель воздуха,34779
сокольники,Мультиварка с 40 режимами готовки еды,27385
сокольники,"Набор тарелок на 4 персоны, керамические",15483
солнцево,Увлажнитель воздуха,5819
солнцево,Гель для стирки белых вещей,2496
солнцево,Гель для стирки цветных вещей,2456
строгино,Мультиварка с 40 режимами готовки еды,20605
строгино,Увлажнитель воздуха,11543
строгино,Столовые приборы на 4 персоны,11176
таганский,Увлажнитель воздуха,40304
таганский,Электрический чайник,29074
таганский,Мультиварка с 40 режимами готовки еды,27239
тверской,Увлажнитель воздуха,57772
тверской,"Набор тарелок на 4 персоны, керамические",36190
тверской,Мультиварка с 40 режимами готовки еды,34420
текстильщики,Мультиварка с 40 режимами готовки еды,24050
текстильщики,Увлажнитель воздуха,23161
текстильщики,Блендер,13208
тимирязевский,Мультиварка с 40 режимами готовки еды,17244
тимирязевский,Столовые приборы на 4 персоны,15007
тимирязевский,Увлажнитель воздуха,11518
тропарёво-никулино,Мультиварка с 40 режимами готовки еды,20594
тропарёво-никулино,Увлажнитель воздуха,17293
тропарёво-никулино,Столовые приборы на 4 персоны,14943
тёплый стан,Столовые приборы на 4 персоны,14981
тёплый стан,Увлажнитель воздуха,11661
тёплый стан,Мультиварка с 40 режимами готовки еды,10263
фили-давыдково,Увлажнитель воздуха,17289
фили-давыдково,Блендер,8817
фили-давыдково,Лава-лампа,8559
филёвский парк,Увлажнитель воздуха,17332
филёвский парк,Столовые приборы на 4 персоны,11192
филёвский парк,"Набор тарелок на 4 персоны, керамические",10302
хамовники,Увлажнитель воздуха,23118
хамовники,Столовые приборы на 4 персоны,15021
хамовники,Лава-лампа,12812
ховрино,Увлажнитель воздуха,17404
ховрино,Мультиварка с 40 режимами готовки еды,10361
ховрино,"Набор тарелок на 4 персоны, керамические",10271
хорошёво-мнёвники,Увлажнитель воздуха,46273
хорошёво-мнёвники,Столовые приборы на 4 персоны,26345
хорошёво-мнёвники,Лава-лампа,19239
хорошёвский,Лава-лампа,10731
хорошёвский,Мультиварка с 40 режимами готовки еды,10314
хорошёвский,Увлажнитель воздуха,5822
царицыно,Мультиварка с 40 режимами готовки еды,31147
царицыно,"Набор тарелок на 4 персоны, керамические",20587
царицыно,Увлажнитель воздуха,17290
чертаново северное,Увлажнитель воздуха,23085
чертаново северное,Столовые приборы на 4 персоны,11276
чертаново северное,Лава-лампа,8609
чертаново центральное,Увлажнитель воздуха,22985
чертаново центральное,Мультиварка с 40 режимами готовки еды,13705
чертаново центральное,"Набор тарелок на 4 персоны, керамические",12842
чертаново южное,Увлажнитель воздуха,46237
чертаново южное,Мультиварка с 40 режимами готовки еды,30838
чертаново южное,Столовые приборы на 4 персоны,22681
черёмушки,Лава-лампа,14975
черёмушки,Увлажнитель воздуха,11535
черёмушки,Прикроватный коврик,8052
щукино,Мультиварка с 40 режимами готовки еды,13674
щукино,Столовые приборы на 4 персоны,11334
щукино,Миксер многофункциональный,3121
южное медведково,Увлажнитель воздуха,5755
южное медведково,"Набор тарелок на 4 персоны, керамические",2577
южное медведково,"Чистящее средство для автомобиля ""Скорость""",1283
южное тушино,Увлажнитель воздуха,17245
южное тушино,Мультиварка с 40 режимами готовки еды,17187
южное тушино,Столовые приборы на 4 персоны,14905
южнопортовый,Увлажнитель воздуха,28806
южнопортовый,Лава-лампа,14923
южнопортовый,Столовые приборы на 4 персоны,11263
якиманка,Увлажнитель воздуха,34571
якиманка,Мультиварка с 40 режимами готовки еды,27417
якиманка,Столовые приборы на 4 персоны,18687
ярославский,Увлажнитель воздуха,23006
ярославский,Мультиварка с 40 режимами готовки еды,13680
ярославский,Лава-лампа,8525
ясенево,Мультиварка с 40 режимами готовки еды,20545
ясенево,Увлажнитель воздуха,17339
ясенево,"Набор тарелок на 4 персоны, керамические",15559
